image_id,baseline_iou,improved_iou,iou_delta,case_type,visualization
9a36a93c-00e7-4d9f-aa34-893a92043d52,0.13163972286374134,0.371151367254765,0.23951164439102365,improved,results/phase2_improved_examples/01_9a36a93c-00e7-4d9f-aa34-893a92043d52.png
0a374967-8ef8-4d34-94cc-a06929836723,0.0,0.0,0.0,unchanged,results/phase2_improved_examples/02_0a374967-8ef8-4d34-94cc-a06929836723.png
aead3682-bdf4-4f43-8468-8e6ac3cd41fa,0.5335898845519517,0.3841386554621849,-0.14945122908976677,worsened,results/phase2_improved_examples/03_aead3682-bdf4-4f43-8468-8e6ac3cd41fa.png
73d61c35-605f-435e-af98-5cc68b188a46,0.15394176136363635,0.1489411544227886,-0.005000606940847752,worsened,results/phase2_improved_examples/04_73d61c35-605f-435e-af98-5cc68b188a46.png
b84fca75-6c3f-4026-b65f-c9130c409e4d,0.0,0.0,0.0,unchanged,results/phase2_improved_examples/05_b84fca75-6c3f-4026-b65f-c9130c409e4d.png
15b66169-1cbc-40a5-bbd6-3acbad9f6445,0.15022573679930457,0.15497987028116583,0.004754133481861267,improved,results/phase2_improved_examples/06_15b66169-1cbc-40a5-bbd6-3acbad9f6445.png
37261c45-c1d3-4e6b-9d3a-a2ca48b99db8,0.019194044793829725,0.03064870570321152,0.011454660909381794,improved,results/phase2_improved_examples/07_37261c45-c1d3-4e6b-9d3a-a2ca48b99db8.png
06efb50a-e30e-4e44-b323-c228c66d80a6,0.0,0.025430863647441404,0.025430863647441404,improved,results/phase2_improved_examples/08_06efb50a-e30e-4e44-b323-c228c66d80a6.png
c2c49031-f803-495d-9abf-32589c04a99b,0.3582732263968134,0.21842719093635454,-0.13984603546045887,worsened,results/phase2_improved_examples/09_c2c49031-f803-495d-9abf-32589c04a99b.png
71a747b4-d566-4590-8a69-4176501f6884,0.17278267972060757,0.03927541928721174,-0.13350726043339584,worsened,results/phase2_improved_examples/10_71a747b4-d566-4590-8a69-4176501f6884.png
